,hash_v,yt_url,yt_title,play_cnt,song_len
0,0f6c4f8b5a44,https://www.youtube.com/watch?v=j1uXcHwLhHM,Event Horizon (ì‚¬ê±´ì˜ ì§€í‰ì„ ),38,5:01
1,22de881f061c,https://www.youtube.com/watch?v=y-B3p0N6954,Song 2,9,2:02
2,a45a099f2064,https://www.youtube.com/watch?v=M-mtdN6R3bQ,Short Song (English Song)ğŸµ [W Lyrics] 30 seconds,3,0:30
3,6289dfb03afe,"https://www.youtube.com/watch?v=9M9Tg3j98Ig,Short",Short Song (English Song)ğŸµ [W Lyrics] 30 seconds,1,0:30
4,1e8ec9d5d077,https://www.youtube.com/watch?v=dZVr4PrSQIA,Short song ( English song) ğŸµ [W Lyrics] 30 seconds song - Memories ~ Maroon 5,8,0:34
5,6c22e5a15b85,https://www.youtube.com/watch?v=m3lF2qEA2cw,Creep - Vintage Postmodern Jukebox Radiohead Cover ft. Haley Reinhart,1,4:55
6,7e5608dde25c,https://www.youtube.com/watch?v=m0BZgEMfqPc,Lena Hall Obsessed: Radiohead â€“ â€œCreepâ€,3,3:38
7,3010316fc438,https://www.youtube.com/watch?v=TBDBIQJyA2A,How I Go,7,4:33
9,486a2dee4897,https://www.youtube.com/watch?v=52ApW6NIjRA,Keep the Flag Flying (Guilty Gear XX),1,3:09
